name,long,lat
5-й Дом Советов,37.607639,55.754083
6-я Московская гимназия,37.62167,55.74
Англиканская церковь Святого Андрея (Москва),37.6053306,55.75795
Арсенал Московского Кремля,37.61667,55.75333
Аудиторный корпус МГУ,37.610611,55.754389
Бахметьевский гараж,37.60778,55.78917
Гараж Интуриста,37.606528,55.793694
Гараж на Новорязанской улице,37.66583,55.77222
Голубятня (дача),37.605,55.709556
Дача Постниковых — Коншиных — Манташева,37.57005111,55.78258194
Дворец культуры имени Горбунова,37.497143,55.750103
Дворец пионеров на Воробьёвых горах,37.55333,55.70278
Деловой двор (Москва),37.634056,55.753222
Детский мир (Лубянская площадь),37.6248111,55.76015
Дом Афремова,37.6474972,55.7697167
Дом декабриста Свистунова,37.59264411,55.7445002
Дом Еропкина,37.594944,55.73875
Дом культуры «Компрессор»,37.72222611,55.75195889
Дом культуры имени Зуева,37.59,55.77917
Дом культуры имени Русакова,37.68722,55.79139
Дом Лорис-Меликова,37.63222,55.76556
Дом Мельникова,37.589448,55.748066
Дом Моссельпрома,37.6025,55.75389
Дом на набережной,37.61167,55.74444
Дом Наркомфина,37.5811111,55.7572194
Дом Нирнзее,37.605722,55.76333
Дом Огарёва,37.59944,55.75722
Дом Остермана,37.64556,55.75389
Дом Пашкова,37.60845,55.749778
Дом Перцовой,37.606306,55.742528
Дом с атлантами на Солянке,37.64039,55.75240889
Дом Тарасова,37.590883,55.762262
Дом Телешова,37.64662194,55.75318111
Дом Третьяковых,37.61139,55.7375
Дом Хитрово,37.64497111,55.75226194
Дом Щукина,37.60389,55.74889
Дом Юшкова,37.6361806,55.7644083
Дом Якоби,37.60973889,55.75515
Дом Ярошенко,37.6424639,55.7528389
Доходный дом Воронцовой — Евдокимова — Шориной,37.6191222,55.7617611
Доходный дом Исакова,37.592829,55.74151
Доходный дом Пантелеева,37.659306,55.764778
Доходный дом Сокол,37.61722,55.76139
Доходный дом Торлецкого — Захарьина,37.6237028,55.7614167
Доходный дом Третьяковых,37.6231778,55.76235
Доходный дом Троицкого подворья на Ильинке,37.625278,55.754806
Доходный дом Феттер и Гинкель,37.632694,55.76556
Доходный дом Шамшина,37.606769,55.749892
Храм Великомученицы Екатерины на Всполье,37.623889,55.733056
Здание биржи (Москва),37.6262,55.7546
Здание Центрального телеграфа,37.61024306,55.75782806
Здание Центросоюза,37.6408972,55.7677417
Здания Госстроя и Госкомархитектуры,37.6129,55.7638
Храм иконы Божией Матери «Знамение» в Кунцеве,37.4625056,55.7377139
Казаковский корпус МГУ,37.611778,55.755667
Киевский вокзал,37.5675,55.74333
"Киргизия (кинотеатр, Москва)",37.81998306,55.75186611
Клуб Дорожного профсоюза железнодорожников,37.735,55.76
Клуб Дорхимзавода имени М. В. Фрунзе,37.54778,55.73111
Клуб фабрики «Буревестник»,37.66139,55.79083
Клуб фабрики «Свобода»,37.58139,55.80056
Колизей (Москва),37.6459472,55.7617417
Конюшни Манташева,37.56785061,55.78285063
Красностуденческий проезд (остановка),37.56222,55.82417
Мавзолей Ленина,37.619833,55.753639
Манеж (Москва),37.61222,55.75333
Миусский трамвайный парк,37.591572,55.780158
Михалково (усадьба),37.51889,55.84167
Московский газовый завод,37.66306,55.76111
Московский городской народный университет имени А. Л. Шанявского,37.59639,55.77806
Московский императорский воспитательный дом,37.63667,55.74972
Московский университет (Моховая улица),37.61181,55.75537694
Особняк А. И. Дерожинской,37.591333,55.738583
Особняк А. К. Ферстер — Михельсона,37.5902194,55.7588306
Особняк Губина,37.614194,55.767278
Особняк Гутхейля,37.594194,55.743806
Особняк и доходный дом М. И. Сотникова,37.62584583,55.7330414
Особняк Листа,37.586306,55.744179
Особняк Н. К. Боля — К. А. Гутхейля,37.58639,55.745
Особняк Николая Терентьева,37.61338611,55.76563694
Особняк Рекк,37.62694,55.73278
Особняк С. П. Рябушинского,37.596306,55.758167
Особняк Саарбекова,37.594305,55.754704
Особняк Цветкова,37.606694,55.741722
Особняк Якунчиковой,37.5935833,55.7436222
Останкинская телебашня,37.61167,55.81972
Палаты Киреевского,37.59889,55.74083
Палаты Левашовых,37.60611,55.75056
Палаты Хамовного двора,37.589194,55.732528
Палаты Шуйских,37.6425,55.75417
Пассаж Сан-Галли,37.6222139,55.7623139
Храм Святых Апостолов Петра и Павла (Москва),37.63306,55.76472
Петровский пассаж,37.61889,55.7625
Петровский путевой дворец,37.5526,55.793658
Покровские казармы,37.6480111,55.7570667
Провиантские склады (Москва),37.5932778,55.7364833
Церковь Рождества Богородицы в Путинках,37.60675,55.76695
Российский институт театрального искусства — ГИТИС,37.603,55.755
Саввинское подворье,37.61167,55.76028
Сандуновские бани,37.62111,55.76444
Северный речной вокзал,37.4669278,55.8510917
Слободской дворец,37.6845,55.7658
Собор Непорочного Зачатия Пресвятой Девы Марии (Москва),37.57126,55.767227
"Сокол (посёлок, Москва)",37.5023472,55.802825
Церковь Софии в Средних Садовниках,37.6218639,55.747667
Спасские казармы,37.6402972,55.7720194
Средние торговые ряды,37.62395389,55.75330694
Сталинские высотки,37.53028,55.70306
Тверское подворье,37.624889,55.762611
Торговый дом Василия Аршинова,37.626245,55.756615
Трамвайное депо имени Апакова,37.61333,55.72639
Триумфальные ворота (Москва),37.519917,55.73675
Троицкая церковь (Троице-Лыково),37.40639,55.78861
Храм Живоначальной Троицы на Воробьёвых горах,37.54028,55.71083
Храм Троицы Живоначальной в Воронцове,37.5406722,55.6680389
Храм Троицы Живоначальной в Вишняках,37.62833,55.73583
Университетская типография,37.6109,55.7667
Усадьба Апраксиных — Бутурлиных,37.60472,55.75111
Усадьба Варвары Морозовой,37.6045,55.753306
Усадьба Зотова,37.61083,55.74778
Усадьба купцов Дёминых,37.66726716,55.76360925
Усадьба Лопухиных—Волконских—Кирьяковых,37.64389,55.75333
Усадьба Муравьёвых-Апостолов,37.66464611,55.76748306
Усадьба Остермана (Делегатская улица),37.60962194,55.77495306
Усадьба Разумовского в Романовом переулке,37.60875,55.7535
Усадьба Рябушинских,37.61241611,55.73856194
Усадьба Шаховских — Красильщиковой,37.61,55.75028
Усадьба Шаховского — Краузе — Осиповских,37.60278,55.753306
Храм Василия Блаженного,37.623222,55.752667
Храм Николая Чудотворца в Голутвине,37.6114806,55.7380306
Храм Святого Людовика Французского (Москва),37.63135,55.762639
Храм-часовня Архангела Михаила при Кутузовской избе,37.5236806,55.739778
Центральные бани,37.62269276,55.75984087
Центральный дом Российской армии имени М. В. Фрунзе,37.617611,55.781889
Церковь Михаила и Фёдора Черниговских (Москва),37.626278,55.744528
Электролуч (Москва),37.568,55.73
Южный речной вокзал,37.67523694,55.68948806
